,Country of asylum,variable,value
0,Afghanistan,Percentage of recognized,0.38729508196721313
1,Albania,Percentage of recognized,0.010676156583629894
2,Algeria,Percentage of recognized,0.02735920532031316
3,Angola,Percentage of recognized,0.25313873195229125
4,Antigua and Barbuda,Percentage of recognized,1.0
5,Argentina,Percentage of recognized,0.11847344301705356
6,Armenia,Percentage of recognized,0.5509950248756219
7,Aruba,Percentage of recognized,0.0
8,Australia,Percentage of recognized,0.2927409006756725
9,Austria,Percentage of recognized,0.37089479440716544
10,Azerbaijan,Percentage of recognized,0.1727956539908065
11,Bahamas,Percentage of recognized,0.20670391061452514
12,Bahrain,Percentage of recognized,0.6087689713322091
13,Bangladesh,Percentage of recognized,0.3145539906103286
14,Belarus,Percentage of recognized,0.025557011795543906
15,Belgium,Percentage of recognized,0.22818425637429607
16,Belize,Percentage of recognized,0.03056768558951965
17,Benin,Percentage of recognized,0.6106573317775185
18,Bolivia (Plurinational State of),Percentage of recognized,0.09423076923076923
19,Bosnia and Herzegovina,Percentage of recognized,0.003497726477789437
20,Botswana,Percentage of recognized,0.3041207196749855
21,Brazil,Percentage of recognized,0.5195141700404858
22,British Virgin Islands,Percentage of recognized,0.0
23,Bulgaria,Percentage of recognized,0.19033934576582084
24,Burkina Faso,Percentage of recognized,0.2918994413407821
25,Burundi,Percentage of recognized,0.7749646426004498
26,Cambodia,Percentage of recognized,0.15283842794759825
27,Cameroon,Percentage of recognized,0.49704194653262757
28,Canada,Percentage of recognized,0.4537681934448833
29,Cayman Islands,Percentage of recognized,0.12312312312312312
30,Central African Rep.,Percentage of recognized,0.1811067635550587
31,Chad,Percentage of recognized,0.84004914004914
32,Chile,Percentage of recognized,0.06234324614833393
33,China,Percentage of recognized,0.16021236727045596
34,"China, Hong Kong SAR",Percentage of recognized,0.05174001104768919
35,"China, Macao SAR",Percentage of recognized,0.2857142857142857
36,Colombia,Percentage of recognized,0.06759309228278468
37,Congo,Percentage of recognized,0.21442915582000743
38,Costa Rica,Percentage of recognized,0.11018876195172735
39,Cote d'Ivoire,Percentage of recognized,0.3567251461988304
40,Croatia,Percentage of recognized,0.06923229517952788
41,Cuba,Percentage of recognized,0.6967418546365914
42,Curacao ,Percentage of recognized,0.563953488372093
43,Cyprus,Percentage of recognized,0.029895487320748603
44,Czechia,Percentage of recognized,0.06748992934028925
45,Dem. Rep. of the Congo,Percentage of recognized,0.8367775594552477
46,Denmark,Percentage of recognized,0.34343898971313874
47,Djibouti,Percentage of recognized,0.7112920846161486
48,Dominican Rep.,Percentage of recognized,0.02498750624687656
49,Ecuador,Percentage of recognized,0.2767339034579889
50,Egypt,Percentage of recognized,0.5216270224972603
51,El Salvador,Percentage of recognized,0.18433179723502305
52,Eritrea,Percentage of recognized,0.1
53,Estonia,Percentage of recognized,0.23834745762711865
54,Eswatini,Percentage of recognized,0.6499302649930265
55,Ethiopia,Percentage of recognized,0.7438109413444306
56,Fiji,Percentage of recognized,0.5
57,Finland,Percentage of recognized,0.17054677358696574
58,France,Percentage of recognized,0.16014194899445963
59,Gabon,Percentage of recognized,0.004964257347100874
60,Gambia,Percentage of recognized,0.11695906432748537
61,Georgia,Percentage of recognized,0.048464429182324735
62,Germany,Percentage of recognized,0.24724888092775765
63,Ghana,Percentage of recognized,0.4285100734030923
64,Greece,Percentage of recognized,0.12863661629545367
65,Grenada,Percentage of recognized,1.0
66,Guatemala,Percentage of recognized,0.3491271820448878
67,Guinea,Percentage of recognized,0.3600776447751537
68,Guinea-Bissau,Percentage of recognized,0.09141274238227147
69,Guyana,Percentage of recognized,0.6666666666666666
70,Haiti,Percentage of recognized,0.2
71,Honduras,Percentage of recognized,0.25
72,Hungary,Percentage of recognized,0.004356287804931086
73,Iceland,Percentage of recognized,0.0627363355104847
74,India,Percentage of recognized,0.5263362953860908
75,Indonesia,Percentage of recognized,0.4198421907635182
76,Iran (Islamic Rep. of),Percentage of recognized,0.15887062789717657
77,Iraq,Percentage of recognized,0.06582368234459939
78,Ireland,Percentage of recognized,0.11324038022317447
79,Israel,Percentage of recognized,0.023175704175844778
80,Italy,Percentage of recognized,0.07777462831543325
81,Jamaica,Percentage of recognized,0.0
82,Japan,Percentage of recognized,0.0030610654734076893
83,Jordan,Percentage of recognized,0.7838068009002981
84,Kazakhstan,Percentage of recognized,0.24499551837466388
85,Kenya,Percentage of recognized,0.2609280043513279
86,Kuwait,Percentage of recognized,0.2496487119437939
87,Kyrgyzstan,Percentage of recognized,0.26437125748502993
88,Lao People's Dem. Rep.,Percentage of recognized,1.0
89,Latvia,Percentage of recognized,0.07068516912402428
90,Lebanon,Percentage of recognized,0.5345493514322074
91,Lesotho,Percentage of recognized,0.9606299212598425
92,Liberia,Percentage of recognized,0.22906793048973143
93,Libya,Percentage of recognized,0.223043893129771
94,Liechtenstein,Percentage of recognized,0.06167400881057269
95,Lithuania,Percentage of recognized,0.18030753968253968
96,Luxembourg,Percentage of recognized,0.21162528216704288
97,Madagascar,Percentage of recognized,0.4908256880733945
98,Malawi,Percentage of recognized,0.29534907972261326
99,Malaysia,Percentage of recognized,0.7214531841895704
100,Mali,Percentage of recognized,0.7752645502645502
101,Malta,Percentage of recognized,0.185586964350018
102,Mauritania,Percentage of recognized,0.4002767953252345
103,Mauritius,Percentage of recognized,1.0
104,Mexico,Percentage of recognized,0.40684058982636767
105,Micronesia (Federated States of),Percentage of recognized,0.08928571428571429
106,Mongolia,Percentage of recognized,0.8360655737704918
107,Montenegro,Percentage of recognized,0.00228740581270183
108,Montserrat,Percentage of recognized,0.0
109,Morocco,Percentage of recognized,0.09312251036501097
110,Mozambique,Percentage of recognized,0.12738643844634628
111,Namibia,Percentage of recognized,0.5386776145203112
112,Nauru,Percentage of recognized,0.6414182111200645
113,Nepal,Percentage of recognized,0.3019915115899445
114,Netherlands,Percentage of recognized,0.2748981032074086
115,New Zealand,Percentage of recognized,0.32594321275768184
116,Nicaragua,Percentage of recognized,0.47989276139410186
117,Niger,Percentage of recognized,0.2741284101211572
118,Nigeria,Percentage of recognized,0.8455106348433187
119,North Macedonia,Percentage of recognized,0.0014137000385554556
120,Norway,Percentage of recognized,0.22461667423422166
121,Oman,Percentage of recognized,0.6205128205128205
122,Pakistan,Percentage of recognized,0.30590676970971353
123,Palau,Percentage of recognized,1.0
124,Panama,Percentage of recognized,0.05140884973986504
125,Papua New Guinea,Percentage of recognized,0.47382671480144406
126,Paraguay,Percentage of recognized,0.9284253578732107
127,Peru,Percentage of recognized,0.22493252024392682
128,Philippines,Percentage of recognized,0.6903225806451613
129,Poland,Percentage of recognized,0.015610429977551374
130,Portugal,Percentage of recognized,0.09261155815654719
131,Qatar,Percentage of recognized,0.6440129449838188
132,Rep. of Korea,Percentage of recognized,0.017281343360461523
133,Rep. of Moldova,Percentage of recognized,0.0922970159611381
134,Romania,Percentage of recognized,0.15499888168195033
135,Russian Federation,Percentage of recognized,0.01639602209240489
136,Rwanda,Percentage of recognized,0.9583535108958838
137,Saint Kitts and Nevis,Percentage of recognized,0.5
138,Samoa,Percentage of recognized,1.0
139,Saudi Arabia,Percentage of recognized,0.475
140,Senegal,Percentage of recognized,0.12307692307692308
141,Serbia and Kosovo: S/RES/1244 (1999),Percentage of recognized,0.004567022538552788
142,Sierra Leone,Percentage of recognized,0.01182033096926714
143,Sint Maarten (Dutch part),Percentage of recognized,0.0
144,Slovakia,Percentage of recognized,0.05951859956236324
145,Slovenia,Percentage of recognized,0.05220272206303725
146,Solomon Islands,Percentage of recognized,0.5
147,Somalia,Percentage of recognized,0.10956874366372923
148,South Africa,Percentage of recognized,0.035761418117587686
149,South Sudan,Percentage of recognized,0.20071047957371227
150,Spain,Percentage of recognized,0.046466356326703345
151,Sri Lanka,Percentage of recognized,0.5547199683356422
152,Sudan,Percentage of recognized,0.7171282300860108
153,Suriname,Percentage of recognized,0.2634730538922156
154,Sweden,Percentage of recognized,0.12181764484930854
155,Switzerland,Percentage of recognized,0.18793046190276796
156,Syrian Arab Rep.,Percentage of recognized,0.21713917525773196
157,Tajikistan,Percentage of recognized,0.6115198654614252
158,Thailand,Percentage of recognized,0.41171137303465205
159,Timor-Leste,Percentage of recognized,0.0
160,Togo,Percentage of recognized,0.07969785725296748
161,Trinidad and Tobago,Percentage of recognized,0.7894077091820746
162,Tunisia,Percentage of recognized,0.6914331465172138
163,Turkey,Percentage of recognized,0.33509533010098064
164,Turkmenistan,Percentage of recognized,0.0
165,Turks and Caicos Islands,Percentage of recognized,0.15625
166,Uganda,Percentage of recognized,0.769769231512279
167,Ukraine,Percentage of recognized,0.09180194392142893
168,United Arab Emirates,Percentage of recognized,0.40743103173337586
169,United Kingdom of Great Britain and Northern Ireland,Percentage of recognized,0.2736391272509186
170,United Rep. of Tanzania,Percentage of recognized,0.17265309950295413
171,United States of America,Percentage of recognized,0.2607700712430179
172,Uruguay,Percentage of recognized,0.03145795523290986
173,Venezuela (Bolivarian Republic of),Percentage of recognized,0.19500627702608453
174,Viet Nam,Percentage of recognized,1.0
175,Yemen,Percentage of recognized,0.24629602991944763
176,Zambia,Percentage of recognized,0.8863690930917821
177,Zimbabwe,Percentage of recognized,0.3968382650993109
178,Afghanistan,Percentage of Complementary protection,0.0
179,Albania,Percentage of Complementary protection,0.005399435513559946
180,Algeria,Percentage of Complementary protection,0.0
181,Angola,Percentage of Complementary protection,0.0
182,Antigua and Barbuda,Percentage of Complementary protection,0.0
183,Argentina,Percentage of Complementary protection,0.002178649237472767
184,Armenia,Percentage of Complementary protection,0.015754560530679935
185,Aruba,Percentage of Complementary protection,0.0
186,Australia,Percentage of Complementary protection,0.0
187,Austria,Percentage of Complementary protection,0.10628085370540069
188,Azerbaijan,Percentage of Complementary protection,0.003343083994985374
189,Bahamas,Percentage of Complementary protection,0.0
190,Bahrain,Percentage of Complementary protection,0.08768971332209106
191,Bangladesh,Percentage of Complementary protection,0.0
192,Belarus,Percentage of Complementary protection,0.6261467889908257
193,Belgium,Percentage of Complementary protection,0.06519601818852157
194,Belize,Percentage of Complementary protection,0.0024260067928190197
195,Benin,Percentage of Complementary protection,0.0
196,Bolivia (Plurinational State of),Percentage of Complementary protection,0.009615384615384616
197,Bosnia and Herzegovina,Percentage of Complementary protection,0.04861839804127317
198,Botswana,Percentage of Complementary protection,0.002901915264074289
199,Brazil,Percentage of Complementary protection,0.014376968061178587
200,British Virgin Islands,Percentage of Complementary protection,0.0
201,Bulgaria,Percentage of Complementary protection,0.11517884439009478
202,Burkina Faso,Percentage of Complementary protection,0.006983240223463687
203,Burundi,Percentage of Complementary protection,0.004892072986946744
204,Cambodia,Percentage of Complementary protection,0.0
205,Cameroon,Percentage of Complementary protection,0.0
206,Canada,Percentage of Complementary protection,0.0
207,Cayman Islands,Percentage of Complementary protection,0.0
208,Central African Rep.,Percentage of Complementary protection,0.016489659027389605
209,Chad,Percentage of Complementary protection,0.0
210,Chile,Percentage of Complementary protection,0.009793383494565867
211,China,Percentage of Complementary protection,0.001561524047470331
212,"China, Hong Kong SAR",Percentage of Complementary protection,0.0009206407659731173
213,"China, Macao SAR",Percentage of Complementary protection,0.0
214,Colombia,Percentage of Complementary protection,0.0
215,Congo,Percentage of Complementary protection,0.0032725920416511716
216,Costa Rica,Percentage of Complementary protection,0.0
217,Cote d'Ivoire,Percentage of Complementary protection,0.0
218,Croatia,Percentage of Complementary protection,0.009720293592541162
219,Cuba,Percentage of Complementary protection,0.0
220,Curacao ,Percentage of Complementary protection,0.0
221,Cyprus,Percentage of Complementary protection,0.1882646034189419
222,Czechia,Percentage of Complementary protection,0.1357723040348676
223,Dem. Rep. of the Congo,Percentage of Complementary protection,0.004200826614269259
224,Denmark,Percentage of Complementary protection,0.18820216888294164
225,Djibouti,Percentage of Complementary protection,0.0004965736418710895
226,Dominican Rep.,Percentage of Complementary protection,0.0
227,Ecuador,Percentage of Complementary protection,0.04418127526457982
228,Egypt,Percentage of Complementary protection,0.007493714948752659
229,El Salvador,Percentage of Complementary protection,0.0
230,Eritrea,Percentage of Complementary protection,0.0
231,Estonia,Percentage of Complementary protection,0.1906779661016949
232,Eswatini,Percentage of Complementary protection,0.0
233,Ethiopia,Percentage of Complementary protection,0.00015187874001397285
234,Fiji,Percentage of Complementary protection,0.0
235,Finland,Percentage of Complementary protection,0.12812238411238763
236,France,Percentage of Complementary protection,0.07226345182368216
237,Gabon,Percentage of Complementary protection,0.01528991262907069
238,Gambia,Percentage of Complementary protection,0.0
239,Georgia,Percentage of Complementary protection,0.17377219126603602
240,Germany,Percentage of Complementary protection,0.15109851631190332
241,Ghana,Percentage of Complementary protection,0.03592066218959863
242,Greece,Percentage of Complementary protection,0.04694476402228571
243,Grenada,Percentage of Complementary protection,0.0
244,Guatemala,Percentage of Complementary protection,0.0
245,Guinea,Percentage of Complementary protection,0.016175994823681657
246,Guinea-Bissau,Percentage of Complementary protection,0.0
247,Guyana,Percentage of Complementary protection,0.0
248,Haiti,Percentage of Complementary protection,0.0
249,Honduras,Percentage of Complementary protection,0.0
250,Hungary,Percentage of Complementary protection,0.011492336630146816
251,Iceland,Percentage of Complementary protection,0.06892402887590238
252,India,Percentage of Complementary protection,0.0
253,Indonesia,Percentage of Complementary protection,0.0
254,Iran (Islamic Rep. of),Percentage of Complementary protection,0.0
255,Iraq,Percentage of Complementary protection,0.050224533207279605
256,Ireland,Percentage of Complementary protection,0.011680769147108085
257,Israel,Percentage of Complementary protection,0.014973988845667151
258,Italy,Percentage of Complementary protection,0.27827689074323086
259,Jamaica,Percentage of Complementary protection,0.0
260,Japan,Percentage of Complementary protection,0.01927914690888043
261,Jordan,Percentage of Complementary protection,0.0003041547539388041
262,Kazakhstan,Percentage of Complementary protection,0.0014938751120406335
263,Kenya,Percentage of Complementary protection,0.09741326109013315
264,Kuwait,Percentage of Complementary protection,0.0
265,Kyrgyzstan,Percentage of Complementary protection,0.0014970059880239522
266,Lao People's Dem. Rep.,Percentage of Complementary protection,0.0
267,Latvia,Percentage of Complementary protection,0.19254119687771032
268,Lebanon,Percentage of Complementary protection,0.0005804737558884598
269,Lesotho,Percentage of Complementary protection,0.03937007874015748
270,Liberia,Percentage of Complementary protection,0.011848341232227487
271,Libya,Percentage of Complementary protection,0.0
272,Liechtenstein,Percentage of Complementary protection,0.03854625550660793
273,Lithuania,Percentage of Complementary protection,0.0716765873015873
274,Luxembourg,Percentage of Complementary protection,0.01399548532731377
275,Madagascar,Percentage of Complementary protection,0.0
276,Malawi,Percentage of Complementary protection,0.0017467021221127274
277,Malaysia,Percentage of Complementary protection,0.0005879419798015882
278,Mali,Percentage of Complementary protection,0.0
279,Malta,Percentage of Complementary protection,0.36343176089305007
280,Mauritania,Percentage of Complementary protection,0.0007688759034291865
281,Mauritius,Percentage of Complementary protection,0.0
282,Mexico,Percentage of Complementary protection,0.05106011691824448
283,Micronesia (Federated States of),Percentage of Complementary protection,0.0
284,Mongolia,Percentage of Complementary protection,0.0
285,Montenegro,Percentage of Complementary protection,0.0010091496232508073
286,Montserrat,Percentage of Complementary protection,0.0
287,Morocco,Percentage of Complementary protection,0.0008129420372327453
288,Mozambique,Percentage of Complementary protection,0.0
289,Namibia,Percentage of Complementary protection,0.0
290,Nauru,Percentage of Complementary protection,0.0
291,Nepal,Percentage of Complementary protection,0.39373163565132224
292,Netherlands,Percentage of Complementary protection,0.23518115785481447
293,New Zealand,Percentage of Complementary protection,0.0
294,Nicaragua,Percentage of Complementary protection,0.0
295,Niger,Percentage of Complementary protection,0.0
296,Nigeria,Percentage of Complementary protection,0.008564702062023056
297,North Macedonia,Percentage of Complementary protection,0.0012851818532322323
298,Norway,Percentage of Complementary protection,0.06718491944296143
299,Oman,Percentage of Complementary protection,0.0
300,Pakistan,Percentage of Complementary protection,0.0
301,Palau,Percentage of Complementary protection,0.0
302,Panama,Percentage of Complementary protection,0.0
303,Papua New Guinea,Percentage of Complementary protection,0.0
304,Paraguay,Percentage of Complementary protection,0.0
305,Peru,Percentage of Complementary protection,0.000499850044986504
306,Philippines,Percentage of Complementary protection,0.0064516129032258064
307,Poland,Percentage of Complementary protection,0.043369020894491454
308,Portugal,Percentage of Complementary protection,0.23862472567666423
309,Qatar,Percentage of Complementary protection,0.016181229773462782
310,Rep. of Korea,Percentage of Complementary protection,0.0542907180385289
311,Rep. of Moldova,Percentage of Complementary protection,0.33171408743927827
312,Romania,Percentage of Complementary protection,0.11782598971147394
313,Russian Federation,Percentage of Complementary protection,0.8820549999701238
314,Rwanda,Percentage of Complementary protection,0.0014205004035512511
315,Saint Kitts and Nevis,Percentage of Complementary protection,0.0
316,Samoa,Percentage of Complementary protection,0.0
317,Saudi Arabia,Percentage of Complementary protection,0.0
318,Senegal,Percentage of Complementary protection,0.04694960212201592
319,Serbia and Kosovo: S/RES/1244 (1999),Percentage of Complementary protection,0.0026690391459074734
320,Sierra Leone,Percentage of Complementary protection,0.05200945626477541
321,Sint Maarten (Dutch part),Percentage of Complementary protection,0.0
322,Slovakia,Percentage of Complementary protection,0.12713347921225382
323,Slovenia,Percentage of Complementary protection,0.007790114613180516
324,Solomon Islands,Percentage of Complementary protection,0.0
325,Somalia,Percentage of Complementary protection,0.0
326,South Africa,Percentage of Complementary protection,0.0
327,South Sudan,Percentage of Complementary protection,0.036116044997039666
328,Spain,Percentage of Complementary protection,0.5059105656651149
329,Sri Lanka,Percentage of Complementary protection,0.0
330,Sudan,Percentage of Complementary protection,0.0008891218284088463
331,Suriname,Percentage of Complementary protection,0.0
332,Sweden,Percentage of Complementary protection,0.23570574522808013
333,Switzerland,Percentage of Complementary protection,0.218804597369219
334,Syrian Arab Rep.,Percentage of Complementary protection,0.004510309278350515
335,Tajikistan,Percentage of Complementary protection,0.0
336,Thailand,Percentage of Complementary protection,0.0
337,Timor-Leste,Percentage of Complementary protection,0.0
338,Togo,Percentage of Complementary protection,0.8334361029751811
339,Trinidad and Tobago,Percentage of Complementary protection,0.0015669069257286117
340,Tunisia,Percentage of Complementary protection,0.0
341,Turkey,Percentage of Complementary protection,0.0
342,Turkmenistan,Percentage of Complementary protection,0.0
343,Turks and Caicos Islands,Percentage of Complementary protection,0.0
344,Uganda,Percentage of Complementary protection,0.0
345,Ukraine,Percentage of Complementary protection,0.044119892117449495
346,United Arab Emirates,Percentage of Complementary protection,0.00287035560516664
347,United Kingdom of Great Britain and Northern Ireland,Percentage of Complementary protection,0.04083650404931758
348,United Rep. of Tanzania,Percentage of Complementary protection,0.0
349,United States of America,Percentage of Complementary protection,0.0021294861360418318
350,Uruguay,Percentage of Complementary protection,0.0
351,Venezuela (Bolivarian Republic of),Percentage of Complementary protection,0.0
352,Viet Nam,Percentage of Complementary protection,0.0
353,Yemen,Percentage of Complementary protection,0.002984752589182969
354,Zambia,Percentage of Complementary protection,0.0
355,Zimbabwe,Percentage of Complementary protection,0.12353060397243616
356,Afghanistan,Percentage of Rejected,0.13319672131147542
357,Albania,Percentage of Rejected,0.0018407166523499816
358,Algeria,Percentage of Rejected,0.2504419563936358
359,Angola,Percentage of Rejected,0.11848713119899561
360,Antigua and Barbuda,Percentage of Rejected,0.0
361,Argentina,Percentage of Rejected,0.5684020734730674
362,Armenia,Percentage of Rejected,0.1546434494195688
363,Aruba,Percentage of Rejected,1.0
364,Australia,Percentage of Rejected,0.6289151834543104
365,Austria,Percentage of Rejected,0.3549580241804369
366,Azerbaijan,Percentage of Rejected,0.7014208106978688
367,Bahamas,Percentage of Rejected,0.5698324022346368
368,Bahrain,Percentage of Rejected,0.04215851602023609
369,Bangladesh,Percentage of Rejected,0.1643192488262911
370,Belarus,Percentage of Rejected,0.18823722149410224
371,Belgium,Percentage of Rejected,0.59499815656876
372,Belize,Percentage of Rejected,0.06938379427462397
373,Benin,Percentage of Rejected,0.23570595099183198
374,Bolivia (Plurinational State of),Percentage of Rejected,0.5778846153846153
375,Bosnia and Herzegovina,Percentage of Rejected,0.20146904512067157
376,Botswana,Percentage of Rejected,0.5658734764944864
377,Brazil,Percentage of Rejected,0.1841655420602789
378,British Virgin Islands,Percentage of Rejected,0.0
379,Bulgaria,Percentage of Rejected,0.13388871904616326
380,Burkina Faso,Percentage of Rejected,0.0223463687150838
381,Burundi,Percentage of Rejected,0.03396628874823213
382,Cambodia,Percentage of Rejected,0.34934497816593885
383,Cameroon,Percentage of Rejected,0.1408522752546595
384,Canada,Percentage of Rejected,0.4109189662837372
385,Cayman Islands,Percentage of Rejected,0.8318318318318318
386,Central African Rep.,Percentage of Rejected,0.6931246506428173
387,Chad,Percentage of Rejected,0.010196560196560197
388,Chile,Percentage of Rejected,0.23348859429117402
389,China,Percentage of Rejected,0.37851342910680824
390,"China, Hong Kong SAR",Percentage of Rejected,0.5450193334560854
391,"China, Macao SAR",Percentage of Rejected,0.2857142857142857
392,Colombia,Percentage of Rejected,0.09970318402590395
393,Congo,Percentage of Rejected,0.08679806619561176
394,Costa Rica,Percentage of Rejected,0.46097367195419303
395,Cote d'Ivoire,Percentage of Rejected,0.30097465886939573
396,Croatia,Percentage of Rejected,0.20759769886927196
397,Cuba,Percentage of Rejected,0.21553884711779447
398,Curacao ,Percentage of Rejected,0.13953488372093023
399,Cyprus,Percentage of Rejected,0.5557603499959491
400,Czechia,Percentage of Rejected,0.4208545202403751
401,Dem. Rep. of the Congo,Percentage of Rejected,0.03286130496646114
402,Denmark,Percentage of Rejected,0.46808006467620084
403,Djibouti,Percentage of Rejected,0.0030787565796007547
404,Dominican Rep.,Percentage of Rejected,0.19140429785107446
405,Ecuador,Percentage of Rejected,0.3767968744710096
406,Egypt,Percentage of Rejected,0.16398343324953266
407,El Salvador,Percentage of Rejected,0.06912442396313365
408,Eritrea,Percentage of Rejected,0.0
409,Estonia,Percentage of Rejected,0.4406779661016949
410,Eswatini,Percentage of Rejected,0.0
411,Ethiopia,Percentage of Rejected,0.048024057592418214
412,Fiji,Percentage of Rejected,0.125
413,Finland,Percentage of Rejected,0.3911002195829138
414,France,Percentage of Rejected,0.7201222047027164
415,Gabon,Percentage of Rejected,0.4040905480540111
416,Gambia,Percentage of Rejected,0.0
417,Georgia,Percentage of Rejected,0.3326422184786834
418,Germany,Percentage of Rejected,0.33876072594679035
419,Ghana,Percentage of Rejected,0.0070669998438232075
420,Greece,Percentage of Rejected,0.40844374927287064
421,Grenada,Percentage of Rejected,0.0
422,Guatemala,Percentage of Rejected,0.043640897755610975
423,Guinea,Percentage of Rejected,0.22581688773859593
424,Guinea-Bissau,Percentage of Rejected,0.09418282548476455
425,Guyana,Percentage of Rejected,0.3333333333333333
426,Haiti,Percentage of Rejected,0.0
427,Honduras,Percentage of Rejected,0.0
428,Hungary,Percentage of Rejected,0.08570506989268745
429,Iceland,Percentage of Rejected,0.3856995531110347
430,India,Percentage of Rejected,0.17637450736517166
431,Indonesia,Percentage of Rejected,0.0696217219772569
432,Iran (Islamic Rep. of),Percentage of Rejected,0.21955330804888326
433,Iraq,Percentage of Rejected,0.005790593240368707
434,Ireland,Percentage of Rejected,0.6422465360102669
435,Israel,Percentage of Rejected,0.4928527909265595
436,Italy,Percentage of Rejected,0.6156102332945028
437,Jamaica,Percentage of Rejected,0.0
438,Japan,Percentage of Rejected,0.7900888265544647
439,Jordan,Percentage of Rejected,0.06707626173530426
440,Kazakhstan,Percentage of Rejected,0.46818046011353454
441,Kenya,Percentage of Rejected,0.053800612951476416
442,Kuwait,Percentage of Rejected,0.013817330210772834
443,Kyrgyzstan,Percentage of Rejected,0.3598802395209581
444,Lao People's Dem. Rep.,Percentage of Rejected,0.0
445,Latvia,Percentage of Rejected,0.32523850823937556
446,Lebanon,Percentage of Rejected,0.15407113036101003
447,Lesotho,Percentage of Rejected,0.0
448,Liberia,Percentage of Rejected,0.7069510268562401
449,Libya,Percentage of Rejected,0.005844465648854962
450,Liechtenstein,Percentage of Rejected,0.3039647577092511
451,Lithuania,Percentage of Rejected,0.39384920634920634
452,Luxembourg,Percentage of Rejected,0.5582392776523702
453,Madagascar,Percentage of Rejected,0.0
454,Malawi,Percentage of Rejected,0.0446582199280463
455,Malaysia,Percentage of Rejected,0.09976035782595429
456,Mali,Percentage of Rejected,0.002777777777777778
457,Malta,Percentage of Rejected,0.22546813107670147
458,Mauritania,Percentage of Rejected,0.2604951560818084
459,Mauritius,Percentage of Rejected,0.0
460,Mexico,Percentage of Rejected,0.17157316115522206
461,Micronesia (Federated States of),Percentage of Rejected,0.9107142857142857
462,Mongolia,Percentage of Rejected,0.08196721311475409
463,Montenegro,Percentage of Rejected,0.10952637244348762
464,Montserrat,Percentage of Rejected,0.0
465,Morocco,Percentage of Rejected,0.3457036013332249
466,Mozambique,Percentage of Rejected,0.025806451612903226
467,Namibia,Percentage of Rejected,0.12705272255834055
468,Nauru,Percentage of Rejected,0.26752618855761484
469,Nepal,Percentage of Rejected,0.12667319621286321
470,Netherlands,Percentage of Rejected,0.4071695015338528
471,New Zealand,Percentage of Rejected,0.6267989109295994
472,Nicaragua,Percentage of Rejected,0.0
473,Niger,Percentage of Rejected,0.019038984587488667
474,Nigeria,Percentage of Rejected,0.04083455106348433
475,North Macedonia,Percentage of Rejected,0.01349440945893844
476,Norway,Percentage of Rejected,0.5403433840442677
477,Oman,Percentage of Rejected,0.008547008547008548
478,Pakistan,Percentage of Rejected,0.41328272208416394
479,Palau,Percentage of Rejected,0.0
480,Panama,Percentage of Rejected,0.024519651779735228
481,Papua New Guinea,Percentage of Rejected,0.2581227436823105
482,Paraguay,Percentage of Rejected,0.03578732106339468
483,Peru,Percentage of Rejected,0.20283914825552335
484,Philippines,Percentage of Rejected,0.09806451612903226
485,Poland,Percentage of Rejected,0.29268692799171125
486,Portugal,Percentage of Rejected,0.14630577907827358
487,Qatar,Percentage of Rejected,0.016181229773462782
488,Rep. of Korea,Percentage of Rejected,0.673534562686721
489,Rep. of Moldova,Percentage of Rejected,0.3976405274115198
490,Romania,Percentage of Rejected,0.47210914784164615
491,Russian Federation,Percentage of Rejected,0.038930593758278176
492,Rwanda,Percentage of Rejected,0.028765133171912833
493,Saint Kitts and Nevis,Percentage of Rejected,0.5
494,Samoa,Percentage of Rejected,0.0
495,Saudi Arabia,Percentage of Rejected,0.006944444444444444
496,Senegal,Percentage of Rejected,0.12122015915119363
497,Serbia and Kosovo: S/RES/1244 (1999),Percentage of Rejected,0.017615658362989325
498,Sierra Leone,Percentage of Rejected,0.01182033096926714
499,Sint Maarten (Dutch part),Percentage of Rejected,0.3333333333333333
500,Slovakia,Percentage of Rejected,0.2708971553610503
501,Slovenia,Percentage of Rejected,0.21212392550143266
502,Solomon Islands,Percentage of Rejected,0.0
503,Somalia,Percentage of Rejected,0.04156593620837558
504,South Africa,Percentage of Rejected,0.3616332323996972
505,South Sudan,Percentage of Rejected,0.08762581409117821
506,Spain,Percentage of Rejected,0.43188978229181363
507,Sri Lanka,Percentage of Rejected,0.18207005739164853
508,Sudan,Percentage of Rejected,0.01924246820219566
509,Suriname,Percentage of Rejected,0.32934131736526945
510,Sweden,Percentage of Rejected,0.4724207834063064
511,Switzerland,Percentage of Rejected,0.21826674559972278
512,Syrian Arab Rep.,Percentage of Rejected,0.22030713058419243
513,Tajikistan,Percentage of Rejected,0.17742274542779063
514,Thailand,Percentage of Rejected,0.22445324075097853
515,Timor-Leste,Percentage of Rejected,0.0
516,Togo,Percentage of Rejected,0.05110220440881764
517,Trinidad and Tobago,Percentage of Rejected,0.03854591037292385
518,Tunisia,Percentage of Rejected,0.14715772618094475
519,Turkey,Percentage of Rejected,0.04021779321622564
520,Turkmenistan,Percentage of Rejected,0.0
521,Turks and Caicos Islands,Percentage of Rejected,0.0
522,Uganda,Percentage of Rejected,0.09056544236261596
523,Ukraine,Percentage of Rejected,0.3507200651366343
524,United Arab Emirates,Percentage of Rejected,0.01291660022324988
525,United Kingdom of Great Britain and Northern Ireland,Percentage of Rejected,0.5602595387667563
526,United Rep. of Tanzania,Percentage of Rejected,0.09003094813842258
527,United States of America,Percentage of Rejected,0.280650849750445
528,Uruguay,Percentage of Rejected,0.024682395644283123
529,Venezuela (Bolivarian Republic of),Percentage of Rejected,0.592188589761473
530,Viet Nam,Percentage of Rejected,0.0
531,Yemen,Percentage of Rejected,0.08756472957422325
532,Zambia,Percentage of Rejected,0.04863036123540325
533,Zimbabwe,Percentage of Rejected,0.15322253749493311
534,Afghanistan,Percentage of closed,0.47950819672131145
535,Albania,Percentage of closed,0.9820836912504601
536,Algeria,Percentage of closed,0.722198838286051
537,Angola,Percentage of closed,0.6283741368487131
538,Antigua and Barbuda,Percentage of closed,0.0
539,Argentina,Percentage of closed,0.3109458342724063
540,Armenia,Percentage of closed,0.27860696517412936
541,Aruba,Percentage of closed,0.0
542,Australia,Percentage of closed,0.07834391587001709
543,Austria,Percentage of closed,0.16786632770699694
544,Azerbaijan,Percentage of closed,0.12244045131633932
545,Bahamas,Percentage of closed,0.22346368715083798
546,Bahrain,Percentage of closed,0.26138279932546377
547,Bangladesh,Percentage of closed,0.5211267605633803
548,Belarus,Percentage of closed,0.16005897771952818
549,Belgium,Percentage of closed,0.11162156886842238
550,Belize,Percentage of closed,0.8976225133430373
551,Benin,Percentage of closed,0.15363671723064956
552,Bolivia (Plurinational State of),Percentage of closed,0.31826923076923075
553,Bosnia and Herzegovina,Percentage of closed,0.7464148303602658
554,Botswana,Percentage of closed,0.12710388856645385
555,Brazil,Percentage of closed,0.2819433198380567
556,British Virgin Islands,Percentage of closed,1.0
557,Bulgaria,Percentage of closed,0.5605930907979211
558,Burkina Faso,Percentage of closed,0.6787709497206704
559,Burundi,Percentage of closed,0.18617699566437135
560,Cambodia,Percentage of closed,0.4978165938864629
561,Cameroon,Percentage of closed,0.36210577821271295
562,Canada,Percentage of closed,0.13531284027137952
563,Cayman Islands,Percentage of closed,0.04504504504504504
564,Central African Rep.,Percentage of closed,0.10927892677473448
565,Chad,Percentage of closed,0.14975429975429974
566,Chile,Percentage of closed,0.6943747760659262
567,China,Percentage of closed,0.45971267957526546
568,"China, Hong Kong SAR",Percentage of closed,0.40232001473025225
569,"China, Macao SAR",Percentage of closed,0.42857142857142855
570,Colombia,Percentage of closed,0.8327037236913114
571,Congo,Percentage of closed,0.6955001859427297
572,Costa Rica,Percentage of closed,0.42883756609407964
573,Cote d'Ivoire,Percentage of closed,0.3423001949317739
574,Croatia,Percentage of closed,0.713449712358659
575,Cuba,Percentage of closed,0.08771929824561403
576,Curacao ,Percentage of closed,0.29651162790697677
577,Cyprus,Percentage of closed,0.22607955926436035
578,Czechia,Percentage of closed,0.3758832463844681
579,Dem. Rep. of the Congo,Percentage of closed,0.12616030896402194
580,Denmark,Percentage of closed,0.00027877672771877
581,Djibouti,Percentage of closed,0.2851325851623796
582,Dominican Rep.,Percentage of closed,0.783608195902049
583,Ecuador,Percentage of closed,0.3022879468064217
584,Egypt,Percentage of closed,0.3068958293044543
585,El Salvador,Percentage of closed,0.7465437788018433
586,Eritrea,Percentage of closed,0.9
587,Estonia,Percentage of closed,0.13029661016949154
588,Eswatini,Percentage of closed,0.3500697350069735
589,Ethiopia,Percentage of closed,0.2080131223231372
590,Fiji,Percentage of closed,0.375
591,Finland,Percentage of closed,0.31023062271773283
592,France,Percentage of closed,0.04747239447914181
593,Gabon,Percentage of closed,0.5756552819698173
594,Gambia,Percentage of closed,0.8830409356725146
595,Georgia,Percentage of closed,0.4451211610729558
596,Germany,Percentage of closed,0.26289187681354864
597,Ghana,Percentage of closed,0.5285022645634858
598,Greece,Percentage of closed,0.41597487040938996
599,Grenada,Percentage of closed,0.0
600,Guatemala,Percentage of closed,0.6072319201995012
601,Guinea,Percentage of closed,0.39792947266256873
602,Guinea-Bissau,Percentage of closed,0.814404432132964
603,Guyana,Percentage of closed,0.0
604,Haiti,Percentage of closed,0.8
605,Honduras,Percentage of closed,0.75
606,Hungary,Percentage of closed,0.8984463056722346
607,Iceland,Percentage of closed,0.4826400825025782
608,India,Percentage of closed,0.2972891972487375
609,Indonesia,Percentage of closed,0.5105360872592248
610,Iran (Islamic Rep. of),Percentage of closed,0.6215760640539402
611,Iraq,Percentage of closed,0.8781611912077523
612,Ireland,Percentage of closed,0.23283231461945056
613,Israel,Percentage of closed,0.4689975160519286
614,Italy,Percentage of closed,0.02833824764683312
615,Jamaica,Percentage of closed,1.0
616,Japan,Percentage of closed,0.18757096106324717
617,Jordan,Percentage of closed,0.14881278261045885
618,Kazakhstan,Percentage of closed,0.28533014639976095
619,Kenya,Percentage of closed,0.5878581216070625
620,Kuwait,Percentage of closed,0.7365339578454333
621,Kyrgyzstan,Percentage of closed,0.37425149700598803
622,Lao People's Dem. Rep.,Percentage of closed,0.0
623,Latvia,Percentage of closed,0.41153512575888984
624,Lebanon,Percentage of closed,0.3107990444508942
625,Lesotho,Percentage of closed,0.0
626,Liberia,Percentage of closed,0.052132701421800945
627,Libya,Percentage of closed,0.7711116412213741
628,Liechtenstein,Percentage of closed,0.5958149779735683
629,Lithuania,Percentage of closed,0.3541666666666667
630,Luxembourg,Percentage of closed,0.21613995485327314
631,Madagascar,Percentage of closed,0.5091743119266054
632,Malawi,Percentage of closed,0.6582459982272277
633,Malaysia,Percentage of closed,0.17819851600467376
634,Mali,Percentage of closed,0.22195767195767196
635,Malta,Percentage of closed,0.22551314368023045
636,Mauritania,Percentage of closed,0.3384591726895279
637,Mauritius,Percentage of closed,0.0
638,Mexico,Percentage of closed,0.3705261321001658
639,Micronesia (Federated States of),Percentage of closed,0.0
640,Mongolia,Percentage of closed,0.08196721311475409
641,Montenegro,Percentage of closed,0.8871770721205597
642,Montserrat,Percentage of closed,1.0
643,Morocco,Percentage of closed,0.5603609462645314
644,Mozambique,Percentage of closed,0.8468071099407505
645,Namibia,Percentage of closed,0.3342696629213483
646,Nauru,Percentage of closed,0.09105560032232071
647,Nepal,Percentage of closed,0.17760365654587007
648,Netherlands,Percentage of closed,0.08275123740392416
649,New Zealand,Percentage of closed,0.047257876312718786
650,Nicaragua,Percentage of closed,0.5201072386058981
651,Niger,Percentage of closed,0.7068326052913542
652,Nigeria,Percentage of closed,0.1050901120311739
653,North Macedonia,Percentage of closed,0.9838067086492739
654,Norway,Percentage of closed,0.16785502227854923
655,Oman,Percentage of closed,0.37094017094017095
656,Pakistan,Percentage of closed,0.2808105082061225
657,Palau,Percentage of closed,0.0
658,Panama,Percentage of closed,0.9240714984803997
659,Papua New Guinea,Percentage of closed,0.26805054151624547
660,Paraguay,Percentage of closed,0.03578732106339468
661,Peru,Percentage of closed,0.5717284814555633
662,Philippines,Percentage of closed,0.20516129032258065
663,Poland,Percentage of closed,0.6483336211362459
664,Portugal,Percentage of closed,0.522457937088515
665,Qatar,Percentage of closed,0.32362459546925565
666,Rep. of Korea,Percentage of closed,0.2548933759142887
667,Rep. of Moldova,Percentage of closed,0.17834836918806385
668,Romania,Percentage of closed,0.25506598076492953
669,Russian Federation,Percentage of closed,0.06261838417919306
670,Rwanda,Percentage of closed,0.011460855528652138
671,Saint Kitts and Nevis,Percentage of closed,0.0
672,Samoa,Percentage of closed,0.0
673,Saudi Arabia,Percentage of closed,0.5180555555555556
674,Senegal,Percentage of closed,0.7087533156498673
675,Serbia and Kosovo: S/RES/1244 (1999),Percentage of closed,0.9751482799525504
676,Sierra Leone,Percentage of closed,0.9243498817966903
677,Sint Maarten (Dutch part),Percentage of closed,0.6666666666666666
678,Slovakia,Percentage of closed,0.5424507658643326
679,Slovenia,Percentage of closed,0.7278832378223495
680,Solomon Islands,Percentage of closed,0.5
681,Somalia,Percentage of closed,0.8488653201278952
682,South Africa,Percentage of closed,0.6026053494827152
683,South Sudan,Percentage of closed,0.6755476613380699
684,Spain,Percentage of closed,0.01573329571636808
685,Sri Lanka,Percentage of closed,0.26320997427270926
686,Sudan,Percentage of closed,0.26274017988338466
687,Suriname,Percentage of closed,0.40718562874251496
688,Sweden,Percentage of closed,0.17005582651630496
689,Switzerland,Percentage of closed,0.3749981951282903
690,Syrian Arab Rep.,Percentage of closed,0.558043384879725
691,Tajikistan,Percentage of closed,0.21105738911078412
692,Thailand,Percentage of closed,0.36383538621436945
693,Timor-Leste,Percentage of closed,1.0
694,Togo,Percentage of closed,0.03576383536303376
695,Trinidad and Tobago,Percentage of closed,0.17047947351927295
696,Tunisia,Percentage of closed,0.16140912730184148
697,Turkey,Percentage of closed,0.6246868766827937
698,Turkmenistan,Percentage of closed,1.0
699,Turks and Caicos Islands,Percentage of closed,0.84375
700,Uganda,Percentage of closed,0.13966532612510504
701,Ukraine,Percentage of closed,0.5133580988244874
702,United Arab Emirates,Percentage of closed,0.5767820124382076
703,United Kingdom of Great Britain and Northern Ireland,Percentage of closed,0.12526482993300753
704,United Rep. of Tanzania,Percentage of closed,0.7373159523586232
705,United States of America,Percentage of closed,0.4564495928704953
706,Uruguay,Percentage of closed,0.9438596491228071
707,Venezuela (Bolivarian Republic of),Percentage of closed,0.21280513321244246
708,Viet Nam,Percentage of closed,0.0
709,Yemen,Percentage of closed,0.6631544879171462
710,Zambia,Percentage of closed,0.06500054567281457
711,Zimbabwe,Percentage of closed,0.32640859343331985
